epoch,train_loss,valid_loss,train_accuracy,valid_accuracy,valid_f1,learning_rate
1,1.2652131464884524,1.2548823927690882,0.41377870563674324,0.3997005988023952,0.3605461261570371,0.0002999262307746768
2,1.0964820113958547,1.2689761080427797,0.5244258872651357,0.5479041916167665,0.5333309014023606,0.00029970499590002654
3,1.069844622079415,0.9322755748997191,0.5457202505219206,0.6497005988023952,0.6369295702015871,0.0002993365137081604
4,0.9840155232176652,0.9375978729682054,0.5945720250521921,0.592814371257485,0.5782783201223299,0.0002988211478465144
5,0.9107750328697093,0.7956454796705418,0.5991649269311065,0.687125748502994,0.6777105797031996,0.000298159406918973
6,0.8974791047717435,0.7558118624244622,0.6204592901878915,0.7125748502994012,0.7068993241177153,0.0002973519439839389
7,0.8780112470117143,0.9068286003109938,0.6342379958246347,0.6497005988023952,0.6325787499750634,0.00029639955590984266
8,0.8546878375688525,0.7401948287458477,0.6450939457202505,0.7260479041916168,0.7221023306347711,0.00029530318258873023
9,0.830138379770928,0.712947311560194,0.6668058455114823,0.7320359281437125,0.7238567142657732,0.0002940639060087029
10,0.869830398743735,0.7232852753051027,0.6384133611691023,0.7290419161676647,0.7247754647715707,0.00029268294918612537
11,0.7808303634159749,0.7320675049534815,0.6901878914405011,0.7335329341317365,0.7259420906138003,0.00029116167495865663
12,0.7895991199947349,0.7672065632964322,0.6839248434237996,0.7290419161676647,0.7233469778946063,0.0002895015846402935
13,0.8120238668361138,0.6754251068937565,0.6697286012526096,0.7455089820359282,0.7406937719049196,0.0002877043165397551
14,0.7903824808577655,0.6866304088316991,0.6835073068893528,0.7440119760479041,0.7396257415173317,0.0002857716443436699
15,0.7213401497281419,0.7057045575922835,0.7039665970772443,0.7335329341317365,0.7244452551564774,0.00028370547536616097
16,0.783104581623834,0.726170128646368,0.6747390396659708,0.7170658682634731,0.703346044833403,0.00028150784866655756
17,0.7512195269349722,0.658974756023841,0.6918580375782881,0.7514970059880239,0.7452834283774097,0.00027918093303708956
18,0.7448823830777768,0.6399024347077586,0.6897703549060543,0.7514970059880239,0.7436731411228179,0.00027672702486255125
19,0.7448810612483413,0.6540770729680261,0.6997912317327766,0.7589820359281437,0.7525039314005282,0.000274148545854047
20,0.7427229382051058,0.5969831071749419,0.7098121085594989,0.7694610778443114,0.7655397610108831,0.00027144804065905466
21,0.6656261615315161,0.6743291930301104,0.7306889352818372,0.7350299401197605,0.7239874099495215,0.00026862817435016574
22,0.6902026987026031,0.6019984090221142,0.7240083507306889,0.7724550898203593,0.769028591962141,0.0002656917297949805
23,0.6952953275658641,0.6268374719796423,0.7219206680584551,0.7634730538922155,0.7585711692686654,0.0002626416049097537
24,0.694776420702765,0.5887055854329806,0.7135699373695198,0.7844311377245509,0.7807880513787511,0.00025948080979950103
25,0.671227032207497,0.6219835696284642,0.732776617954071,0.7649700598802395,0.7609652696497515,0.00025621246378738883
26,0.6555633847549216,0.602806089970166,0.7356993736951983,0.7844311377245509,0.7807915338233156,0.00025283979233633894
27,0.6384591572966606,0.6142275290128714,0.7453027139874739,0.7589820359281437,0.741230632770782,0.0002493661238658859
28,0.6624395631051512,0.5243712185831841,0.7348643006263048,0.8038922155688623,0.7999125726802944,0.0002457948864674291
29,0.6041317796408507,0.565024811395271,0.7649269311064718,0.7829341317365269,0.7786005328237422,0.00024212960452111996
30,0.6438688063920166,0.6189242533804057,0.7490605427974948,0.7784431137724551,0.7734717529369193,0.00023837389521772471
31,0.5887159323518112,0.5071489932294377,0.7653444676409186,0.8008982035928144,0.7963027223171728,0.0002345314649888935
32,0.5940535943480773,0.5068519657734268,0.7594989561586639,0.7994011976047904,0.7946135262159814,0.00023060610584935994
33,0.6030080325917063,0.49565789612110506,0.7665970772442589,0.8068862275449101,0.8045987982829487,0.00022660169165468046
34,0.5816327561167436,0.5058718629092157,0.7665970772442589,0.812874251497006,0.8087955418336819,0.00022252217427820638
35,0.5444413699287463,0.5214246015348835,0.7849686847599165,0.8098802395209581,0.8047957195723143,0.0002183715797110622
36,0.5508198637554192,0.5325576691570396,0.7720250521920669,0.8083832335329342,0.8025663298275869,0.00021415400408897832
37,0.5738545036515015,0.48029592209411953,0.7707724425887265,0.8293413173652695,0.8239401789515575,0.00020987360964989967
38,0.5355867668581905,0.48840924191796137,0.7878914405010439,0.8263473053892215,0.8222759118569276,0.00020553462062635936
39,0.5232905916480779,0.4406929058942966,0.7979123173277661,0.8338323353293413,0.8298315418627984,0.00020114131907667107
40,0.5476444868802527,0.4500429030663953,0.7816283924843423,0.8353293413173652,0.8310296275124499,0.00019669804065905463
41,0.5171954939410184,0.45232062813586105,0.7991649269311065,0.8218562874251497,0.8190099108746601,0.00019220917035286478
42,0.5022040054544278,0.362380316001391,0.8041753653444677,0.8562874251497006,0.8554940272500392,0.00018767913813114574
43,0.4652751788590298,0.3934530963351627,0.8150313152400835,0.8562874251497006,0.8522479037144202,0.0001831124145887831
44,0.48037420165314804,0.38861377190374685,0.81419624217119,0.8353293413173652,0.8307444656463093,0.00017851350653056583
45,0.44332499303748063,0.40511060991285447,0.8258872651356993,0.8473053892215568,0.8442240698012428,0.0001738869525235145
46,0.476080524025481,0.39841744413008234,0.8208768267223382,0.8473053892215568,0.8450831262638699,0.0001692373184178635
47,0.4624067361519083,0.3713684956470649,0.8254697286012526,0.8577844311377245,0.8548812617975476,0.00016456919284111787
48,0.4588834096220689,0.33708292299401976,0.8162839248434238,0.8622754491017964,0.8596774339325985,0.00015988718266963235
49,0.4224128438684786,0.3468174499175149,0.8334029227557411,0.8862275449101796,0.8858043719225598,0.00015519590848218017
50,0.4306331915497033,0.3238235091020961,0.8359081419624217,0.8847305389221557,0.8844599950532143,0.0001505
51,0.4201092383184612,0.3194812766895323,0.8338204592901879,0.8802395209580839,0.8783194514429254,0.00014580409151781983
52,0.38756382313551135,0.3194079638129758,0.8563674321503132,0.8847305389221557,0.8838058123140232,0.00014111281733036765
53,0.3878231524052351,0.3233865879609913,0.8488517745302714,0.8802395209580839,0.8780324798049877,0.0001364308071588821
54,0.38556900050234444,0.31621553385239876,0.8446764091858038,0.8967065868263473,0.8957864793040206,0.00013176268158213652
55,0.3768554525049345,0.30019878591606003,0.8630480167014614,0.8907185628742516,0.8906874347008127,0.00012711304747648549
56,0.37681252270750315,0.24959689682115338,0.8534446764091858,0.9116766467065869,0.91151716708547,0.00012248649346943417
57,0.3924043041337009,0.2846370926294141,0.8517745302713987,0.8982035928143712,0.8985699149698213,0.00011788758541121693
58,0.35033345718971126,0.23280112739808545,0.8697286012526096,0.9206586826347305,0.9204388305590723,0.00011332086186885419
59,0.3603532220724978,0.2293585593293527,0.8680584551148226,0.9161676646706587,0.9173419988593077,0.00010879082964713523
60,0.342641279207142,0.23724400626863548,0.8722338204592902,0.9176646706586826,0.9177597544652927,0.0001043019593409454
61,0.32302681673045947,0.2151327389933749,0.8780793319415449,0.9281437125748503,0.9275167863689073,9.985868092332894e-05
62,0.29204736696653427,0.2407934133878011,0.8960334029227558,0.9236526946107785,0.9235540496678591,9.546537937364069e-05
63,0.2903296363627488,0.20400867544248433,0.8926931106471816,0.9206586826347305,0.9207441032947495,9.112639035010029e-05
64,0.3208018375992277,0.18795560326003385,0.8776617954070981,0.9341317365269461,0.9342046741530269,8.684599591102165e-05
65,0.30731963874900514,0.2147002193608327,0.8876826722338205,0.9251497005988024,0.9256067311011315,8.262842028893778e-05
66,0.3043399438790837,0.18755827496151725,0.8872651356993737,0.937125748502994,0.936782323615102,7.847782572179355e-05
67,0.31251951289326263,0.1915042616293102,0.8818371607515657,0.9326347305389222,0.9336089829279948,7.43983083453195e-05
68,0.28528496247243784,0.17485736569802382,0.8964509394572026,0.9446107784431138,0.945586128952828,7.039389415063998e-05
69,0.3033619638773494,0.1649372802523082,0.8864300626304802,0.9491017964071856,0.9492851366916741,6.646853501110648e-05
70,0.2929011953772981,0.17795712826494686,0.8943632567849686,0.938622754491018,0.9377871803033104,6.26261047822753e-05
71,0.2583234589508033,0.16046249492283532,0.9014613778705637,0.9461077844311377,0.9467591048422641,5.887039547888001e-05
72,0.2617117363687348,0.14847187849575888,0.904384133611691,0.9565868263473054,0.9566648878313787,5.5205113532570895e-05
73,0.24294619111029242,0.15263602244639826,0.9127348643006263,0.9491017964071856,0.9495266662319672,5.163387613411408e-05
74,0.27065328095178265,0.15313699378626433,0.9022964509394572,0.9446107784431138,0.9451252937718893,4.816020766366105e-05
75,0.25951070501342693,0.15104851484700235,0.9064718162839248,0.9505988023952096,0.9511932668933188,4.478753621261117e-05
76,0.24554279144534488,0.13583045590579687,0.9127348643006263,0.9520958083832335,0.9526621031806586,4.151919020049902e-05
77,0.24073850985359796,0.13530072623384212,0.9102296450939458,0.9550898203592815,0.9558328998661305,3.835839509024632e-05
78,0.24550198344261015,0.1517208423800097,0.9106471816283925,0.9461077844311377,0.9467118522913254,3.5308270205019534e-05
79,0.2571339228705723,0.1409636562812828,0.9018789144050104,0.9580838323353293,0.9585158235199303,3.2371825649834294e-05
80,0.21439514379473967,0.1421843094494707,0.9223382045929018,0.9520958083832335,0.9529953235840439,2.9551959340945383e-05
81,0.25574490472767697,0.1305325496941805,0.9073068893528183,0.9565868263473054,0.9572178472880373,2.685145414595305e-05
82,0.24131655446671743,0.13210188127875686,0.9085594989561586,0.9535928143712575,0.9542537652388821,2.427297513744879e-05
83,0.21942061789349374,0.13336381887247462,0.9164926931106472,0.9550898203592815,0.9559982876664288,2.181906696291042e-05
84,0.2132868161218898,0.1222078819608617,0.9198329853862213,0.9625748502994012,0.963383669598915,1.9492151333442403e-05
85,0.22947370274330728,0.1296237475255471,0.9139874739039666,0.9565868263473054,0.9569692024322922,1.7294524633839024e-05
86,0.21877375968065044,0.12022299644632076,0.920250521920668,0.9625748502994012,0.9629070755799974,1.5228355656330113e-05
87,0.2276063743115467,0.11650361253428244,0.9219206680584551,0.9595808383233533,0.9601201136649309,1.329568346024486e-05
88,0.21988466910255727,0.11275673250550639,0.9227557411273486,0.9595808383233533,0.9600492716873444,1.1498415359706428e-05
89,0.22293872808209292,0.1143040689054185,0.9194154488517745,0.9670658682634731,0.9674219075224123,9.838325041343299e-06
90,0.21685035164800467,0.12096606685729798,0.9173277661795407,0.9655688622754491,0.9664170434129831,8.31705081387455e-06
91,0.2090100925750175,0.09941878414595734,0.9277661795407098,0.9715568862275449,0.972067886496528,6.93609399129703e-06
92,0.19747956019975946,0.10674698285557731,0.9248434237995825,0.9670658682634731,0.9675830368723771,5.696817411269672e-06
93,0.22374350213307678,0.09911181631046319,0.9235908141962421,0.968562874251497,0.9688655515095035,4.600444090157277e-06
94,0.19392902714225593,0.10636312930013783,0.9231732776617954,0.968562874251497,0.9689653872990002,3.6480560160610376e-06
95,0.2064762229959253,0.1217694446712197,0.9252609603340293,0.9655688622754491,0.9658827703239123,2.840593081026921e-06
96,0.21172243423899928,0.09782157829421723,0.9273486430062631,0.968562874251497,0.9693748515819314,2.178852153485575e-06
97,0.20949051404422409,0.10539663212184242,0.9194154488517745,0.9730538922155688,0.973275597777536,1.6634862918395411e-06
98,0.1906473789309659,0.10303123286941987,0.9331941544885177,0.9760479041916168,0.9765396662918626,1.2950040999734023e-06
99,0.2230670356426956,0.10343867397593881,0.9194154488517745,0.9655688622754491,0.9661844069283277,1.0737692253231258e-06
100,0.23572245377401718,0.10012367528913442,0.9135699373695199,0.968562874251497,0.968883398542915,1e-06
